-- phpMyAdmin SQL Dump
-- version 5.2.1
-- https://www.phpmyadmin.net/
--
-- Host: localhost:3306
-- Waktu pembuatan: 13 Feb 2025 pada 19.30
-- Versi server: 10.3.39-MariaDB-cll-lve
-- Versi PHP: 8.1.31

SET SQL_MODE = "NO_AUTO_VALUE_ON_ZERO";
START TRANSACTION;
SET time_zone = "+00:00";


/*!40101 SET @OLD_CHARACTER_SET_CLIENT=@@CHARACTER_SET_CLIENT */;
/*!40101 SET @OLD_CHARACTER_SET_RESULTS=@@CHARACTER_SET_RESULTS */;
/*!40101 SET @OLD_COLLATION_CONNECTION=@@COLLATION_CONNECTION */;
/*!40101 SET NAMES utf8mb4 */;

--
-- Database: `proe3483_db-rental`
--

-- --------------------------------------------------------

--
-- Struktur dari tabel `ac_login_activities`
--

CREATE TABLE `ac_login_activities` (
  `id` bigint(20) UNSIGNED NOT NULL,
  `user_id` int(11) NOT NULL,
  `role_id` int(11) NOT NULL,
  `created_at` timestamp NULL DEFAULT current_timestamp(),
  `updated_at` timestamp NULL DEFAULT current_timestamp()
) ENGINE=InnoDB DEFAULT CHARSET=utf8mb4 COLLATE=utf8mb4_unicode_ci;

--
-- Dumping data untuk tabel `ac_login_activities`
--

INSERT INTO `ac_login_activities` (`id`, `user_id`, `role_id`, `created_at`, `updated_at`) VALUES
(3090, 2, 0, '2024-05-17 07:17:40', '2024-05-17 07:17:40'),
(3091, 2, 0, '2024-05-17 07:22:53', '2024-05-17 07:22:53'),
(3092, 2, 1, '2024-05-17 07:48:07', '2024-05-17 07:48:07'),
(3093, 2, 1, '2024-05-17 07:55:36', '2024-05-17 07:55:36'),
(3094, 2, 1, '2024-05-17 08:11:58', '2024-05-17 08:11:58'),
(3095, 1, 1, '2024-05-17 08:18:43', '2024-05-17 08:18:43'),
(3096, 1, 1, '2024-05-17 10:57:13', '2024-05-17 10:57:13'),
(3097, 1, 1, '2024-05-17 13:23:26', '2024-05-17 13:23:26'),
(3098, 1, 1, '2024-05-17 17:08:57', '2024-05-17 17:08:57'),
(3099, 1, 1, '2024-05-18 03:20:08', '2024-05-18 03:20:08'),
(3100, 1, 1, '2024-05-18 14:27:29', '2024-05-18 14:27:29'),
(3101, 1, 1, '2024-05-18 17:13:10', '2024-05-18 17:13:10'),
(3102, 1, 1, '2024-05-19 07:00:55', '2024-05-19 07:00:55'),
(3103, 1, 1, '2024-05-19 09:37:32', '2024-05-19 09:37:32'),
(3104, 1, 1, '2024-05-19 15:06:43', '2024-05-19 15:06:43'),
(3105, 1, 1, '2024-05-20 02:39:36', '2024-05-20 02:39:36'),
(3106, 1, 1, '2024-05-20 06:07:50', '2024-05-20 06:07:50'),
(3107, 1, 1, '2024-05-21 06:57:20', '2024-05-21 06:57:20'),
(3108, 1, 1, '2024-05-21 07:55:08', '2024-05-21 07:55:08'),
(3109, 1, 1, '2024-05-21 10:09:38', '2024-05-21 10:09:38'),
(3110, 1, 1, '2024-05-23 03:47:58', '2024-05-23 03:47:58'),
(3111, 1, 1, '2024-05-23 05:01:50', '2024-05-23 05:01:50'),
(3112, 1, 1, '2024-05-23 06:22:19', '2024-05-23 06:22:19'),
(3113, 1, 1, '2024-05-23 08:54:25', '2024-05-23 08:54:25'),
(3114, 1, 1, '2024-05-24 16:43:32', '2024-05-24 16:43:32'),
(3115, 1, 1, '2024-05-25 03:01:39', '2024-05-25 03:01:39'),
(3116, 1, 1, '2024-05-25 06:34:11', '2024-05-25 06:34:11'),
(3117, 1, 1, '2024-05-26 06:45:20', '2024-05-26 06:45:20'),
(3118, 1, 1, '2024-05-26 11:18:40', '2024-05-26 11:18:40'),
(3119, 1, 1, '2024-05-26 18:04:49', '2024-05-26 18:04:49'),
(3120, 1, 1, '2024-05-27 03:08:42', '2024-05-27 03:08:42'),
(3121, 1, 1, '2024-05-27 08:18:13', '2024-05-27 08:18:13'),
(3122, 1, 1, '2024-05-27 08:28:47', '2024-05-27 08:28:47'),
(3123, 4, 6, '2024-05-27 08:30:09', '2024-05-27 08:30:09'),
(3124, 1, 1, '2024-05-29 01:50:26', '2024-05-29 01:50:26'),
(3125, 1, 1, '2024-05-29 02:12:48', '2024-05-29 02:12:48'),
(3126, 5, 6, '2024-05-29 02:18:22', '2024-05-29 02:18:22'),
(3127, 1, 1, '2024-05-29 02:19:48', '2024-05-29 02:19:48'),
(3128, 1, 1, '2024-05-29 10:33:48', '2024-05-29 10:33:48'),
(3129, 4, 6, '2024-05-29 10:34:02', '2024-05-29 10:34:02'),
(3130, 5, 6, '2024-05-29 10:35:59', '2024-05-29 10:35:59'),
(3131, 1, 1, '2024-05-29 10:36:15', '2024-05-29 10:36:15'),
(3132, 2, 6, '2024-05-29 10:37:36', '2024-05-29 10:37:36'),
(3133, 1, 1, '2024-05-29 10:38:08', '2024-05-29 10:38:08'),
(3134, 2, 6, '2024-05-29 12:40:44', '2024-05-29 12:40:44'),
(3135, 4, 6, '2024-05-29 13:21:38', '2024-05-29 13:21:38'),
(3136, 2, 6, '2024-05-29 13:21:56', '2024-05-29 13:21:56'),
(3137, 4, 6, '2024-05-29 14:16:20', '2024-05-29 14:16:20'),
(3138, 2, 6, '2024-05-29 14:16:43', '2024-05-29 14:16:43'),
(3139, 2, 6, '2024-05-29 15:03:36', '2024-05-29 15:03:36'),
(3140, 2, 6, '2024-05-30 01:06:57', '2024-05-30 01:06:57'),
(3141, 1, 1, '2024-05-30 03:10:19', '2024-05-30 03:10:19'),
(3142, 2, 6, '2024-05-30 07:25:15', '2024-05-30 07:25:15'),
(3143, 1, 1, '2024-05-30 09:23:36', '2024-05-30 09:23:36'),
(3144, 2, 6, '2024-05-30 09:36:27', '2024-05-30 09:36:27'),
(3145, 2, 6, '2024-05-30 09:56:41', '2024-05-30 09:56:41'),
(3146, 1, 1, '2024-06-01 05:21:26', '2024-06-01 05:21:26'),
(3147, 1, 1, '2024-06-06 02:43:20', '2024-06-06 02:43:20'),
(3148, 1, 1, '2024-06-06 06:34:19', '2024-06-06 06:34:19'),
(3149, 1, 1, '2024-06-06 06:34:34', '2024-06-06 06:34:34'),
(3150, 1, 1, '2024-06-06 06:49:36', '2024-06-06 06:49:36'),
(3151, 1, 1, '2024-06-06 07:33:39', '2024-06-06 07:33:39'),
(3152, 1, 1, '2024-06-06 08:08:59', '2024-06-06 08:08:59'),
(3153, 1, 1, '2024-06-06 08:09:22', '2024-06-06 08:09:22'),
(3154, 2, 6, '2024-06-06 08:14:42', '2024-06-06 08:14:42'),
(3155, 1, 1, '2024-06-06 11:37:53', '2024-06-06 11:37:53'),
(3156, 1, 1, '2024-06-06 12:01:05', '2024-06-06 12:01:05'),
(3157, 1, 1, '2024-06-06 12:33:18', '2024-06-06 12:33:18'),
(3158, 2, 6, '2024-06-06 14:23:28', '2024-06-06 14:23:28'),
(3159, 1, 1, '2024-06-07 01:02:57', '2024-06-07 01:02:57'),
(3160, 2, 6, '2024-06-07 15:45:08', '2024-06-07 15:45:08'),
(3161, 1, 1, '2024-06-08 04:46:54', '2024-06-08 04:46:54'),
(3162, 1, 1, '2024-06-08 07:44:15', '2024-06-08 07:44:15'),
(3163, 6, 6, '2024-06-08 10:14:16', '2024-06-08 10:14:16'),
(3164, 1, 1, '2024-06-08 15:21:49', '2024-06-08 15:21:49'),
(3165, 2, 6, '2024-06-08 15:23:36', '2024-06-08 15:23:36'),
(3166, 2, 6, '2024-06-08 15:24:28', '2024-06-08 15:24:28'),
(3167, 6, 6, '2024-06-08 15:24:57', '2024-06-08 15:24:57'),
(3168, 2, 6, '2024-06-08 15:25:35', '2024-06-08 15:25:35'),
(3169, 1, 1, '2024-06-09 02:35:20', '2024-06-09 02:35:20'),
(3170, 1, 1, '2024-06-10 03:57:18', '2024-06-10 03:57:18'),
(3171, 1, 1, '2024-06-10 12:15:46', '2024-06-10 12:15:46'),
(3172, 6, 6, '2024-06-10 12:47:43', '2024-06-10 12:47:43'),
(3173, 1, 1, '2024-06-10 16:38:02', '2024-06-10 16:38:02'),
(3174, 1, 1, '2024-06-11 07:44:30', '2024-06-11 07:44:30'),
(3175, 6, 6, '2024-06-11 07:50:56', '2024-06-11 07:50:56'),
(3176, 1, 1, '2024-06-11 09:16:35', '2024-06-11 09:16:35'),
(3177, 6, 6, '2024-06-11 09:24:00', '2024-06-11 09:24:00'),
(3178, 1, 1, '2024-06-11 09:32:49', '2024-06-11 09:32:49'),
(3179, 2, 6, '2024-06-11 09:35:16', '2024-06-11 09:35:16'),
(3180, 1, 1, '2024-06-11 09:35:53', '2024-06-11 09:35:53'),
(3181, 8, 6, '2024-06-11 09:50:58', '2024-06-11 09:50:58'),
(3182, 1, 1, '2024-06-11 09:51:50', '2024-06-11 09:51:50'),
(3183, 3, 6, '2024-06-11 09:57:44', '2024-06-11 09:57:44'),
(3184, 1, 1, '2024-06-11 10:05:29', '2024-06-11 10:05:29'),
(3185, 1, 1, '2024-06-12 07:05:30', '2024-06-12 07:05:30'),
(3186, 2, 6, '2024-06-12 07:20:16', '2024-06-12 07:20:16'),
(3187, 1, 1, '2024-06-12 07:23:03', '2024-06-12 07:23:03'),
(3188, 1, 1, '2024-06-13 05:22:55', '2024-06-13 05:22:55'),
(3189, 1, 1, '2024-06-13 05:52:09', '2024-06-13 05:52:09'),
(3190, 1, 1, '2024-06-13 05:59:25', '2024-06-13 05:59:25'),
(3191, 2, 6, '2024-06-13 06:01:13', '2024-06-13 06:01:13'),
(3192, 1, 1, '2024-06-13 08:47:07', '2024-06-13 08:47:07'),
(3193, 1, 1, '2024-06-13 08:48:20', '2024-06-13 08:48:20'),
(3194, 1, 1, '2024-06-13 08:48:48', '2024-06-13 08:48:48'),
(3195, 2, 6, '2024-06-13 08:52:35', '2024-06-13 08:52:35'),
(3196, 1, 1, '2024-06-13 08:53:31', '2024-06-13 08:53:31'),
(3197, 3, 6, '2024-06-13 08:55:27', '2024-06-13 08:55:27'),
(3198, 2, 6, '2024-06-13 08:56:08', '2024-06-13 08:56:08'),
(3199, 3, 6, '2024-06-13 09:28:05', '2024-06-13 09:28:05'),
(3200, 1, 1, '2024-06-13 09:37:16', '2024-06-13 09:37:16'),
(3201, 1, 1, '2024-06-13 09:53:34', '2024-06-13 09:53:34'),
(3202, 11, 6, '2024-06-13 09:56:25', '2024-06-13 09:56:25'),
(3203, 12, 6, '2024-06-13 10:00:42', '2024-06-13 10:00:42'),
(3204, 1, 1, '2024-06-13 10:02:05', '2024-06-13 10:02:05'),
(3205, 12, 6, '2024-06-13 10:02:42', '2024-06-13 10:02:42'),
(3206, 1, 1, '2024-06-13 10:06:00', '2024-06-13 10:06:00'),
(3207, 12, 6, '2024-06-13 10:07:00', '2024-06-13 10:07:00'),
(3208, 1, 1, '2024-06-13 10:07:54', '2024-06-13 10:07:54'),
(3209, 1, 1, '2024-06-13 13:22:09', '2024-06-13 13:22:09'),
(3210, 1, 1, '2024-06-15 08:01:33', '2024-06-15 08:01:33'),
(3211, 6, 6, '2024-06-15 09:10:58', '2024-06-15 09:10:58'),
(3212, 6, 6, '2024-06-15 09:28:53', '2024-06-15 09:28:53'),
(3213, 1, 1, '2024-06-15 09:39:04', '2024-06-15 09:39:04'),
(3214, 6, 6, '2024-06-15 10:04:18', '2024-06-15 10:04:18'),
(3215, 1, 1, '2024-06-25 06:27:39', '2024-06-25 06:27:39'),
(3216, 1, 1, '2024-06-29 05:56:17', '2024-06-29 05:56:17'),
(3217, 1, 1, '2024-07-01 06:32:45', '2024-07-01 06:32:45'),
(3218, 2, 6, '2024-07-01 06:34:10', '2024-07-01 06:34:10'),
(3219, 1, 1, '2024-07-01 06:59:16', '2024-07-01 06:59:16'),
(3220, 1, 1, '2024-07-01 07:09:29', '2024-07-01 07:09:29'),
(3221, 2, 6, '2024-07-01 07:09:41', '2024-07-01 07:09:41'),
(3222, 1, 1, '2024-07-01 08:01:54', '2024-07-01 08:01:54'),
(3223, 1, 1, '2024-07-01 08:36:50', '2024-07-01 08:36:50'),
(3224, 2, 6, '2024-07-01 08:37:49', '2024-07-01 08:37:49'),
(3225, 1, 1, '2024-07-01 09:20:54', '2024-07-01 09:20:54'),
(3226, 1, 1, '2024-07-01 14:31:30', '2024-07-01 14:31:30'),
(3227, 4, 6, '2024-07-02 05:08:09', '2024-07-02 05:08:09'),
(3228, 1, 1, '2024-07-02 05:08:59', '2024-07-02 05:08:59'),
(3229, 4, 6, '2024-07-02 05:10:58', '2024-07-02 05:10:58'),
(3230, 4, 6, '2024-07-02 05:11:45', '2024-07-02 05:11:45'),
(3231, 1, 1, '2024-07-02 05:14:34', '2024-07-02 05:14:34'),
(3232, 1, 1, '2024-07-02 05:29:55', '2024-07-02 05:29:55'),
(3233, 1, 1, '2024-07-27 04:50:51', '2024-07-27 04:50:51'),
(3234, 1, 1, '2024-10-07 06:33:36', '2024-10-07 06:33:36'),
(3235, 1, 1, '2024-11-01 01:59:35', '2024-11-01 01:59:35'),
(3236, 1, 1, '2024-11-06 13:45:28', '2024-11-06 13:45:28'),
(3237, 1, 1, '2024-11-07 14:11:28', '2024-11-07 14:11:28'),
(3238, 1, 1, '2025-01-07 02:48:52', '2025-01-07 02:48:52'),
(3239, 1, 1, '2025-01-08 17:02:00', '2025-01-08 17:02:00'),
(3240, 1, 1, '2025-01-27 18:08:47', '2025-01-27 18:08:47');

-- --------------------------------------------------------

--
-- Struktur dari tabel `kecamatans`
--

CREATE TABLE `kecamatans` (
  `id` mediumint(8) UNSIGNED NOT NULL,
  `name` varchar(255) NOT NULL,
  `kode` char(3) DEFAULT NULL,
  `is_active` bit(1) NOT NULL
) ENGINE=InnoDB DEFAULT CHARSET=utf8mb4 COLLATE=utf8mb4_unicode_ci ROW_FORMAT=COMPACT;

--
-- Dumping data untuk tabel `kecamatans`
--

INSERT INTO `kecamatans` (`id`, `name`, `kode`, `is_active`) VALUES
(1, 'Batam Kota', 'BTK', b'1'),
(2, 'Batu Aji', 'BTA', b'1'),
(3, 'Batu Ampar', 'BAM', b'1'),
(4, 'Belakang Padang', 'BLP', b'1'),
(5, 'Bengkong', 'BKG', b'1'),
(6, 'Bulang', 'BLG', b'1'),
(7, 'Galang', 'GLG', b'1'),
(8, 'Lubuk Baja', 'LBJ', b'1'),
(9, 'Nongsa', 'NGS', b'1'),
(10, 'Sagulung', 'SGL', b'1'),
(11, 'Sei Beduk', 'SBK', b'1'),
(12, 'Sekupang', 'SKP', b'1');

-- --------------------------------------------------------

--
-- Struktur dari tabel `kelurahans`
--

CREATE TABLE `kelurahans` (
  `id` mediumint(8) UNSIGNED NOT NULL,
  `name` varchar(255) NOT NULL,
  `kecamatan_id` mediumint(8) UNSIGNED NOT NULL,
  `is_active` bit(1) NOT NULL
) ENGINE=InnoDB DEFAULT CHARSET=utf8mb4 COLLATE=utf8mb4_unicode_ci ROW_FORMAT=COMPACT;

--
-- Dumping data untuk tabel `kelurahans`
--

INSERT INTO `kelurahans` (`id`, `name`, `kecamatan_id`, `is_active`) VALUES
(1, 'Baloi Permai', 1, b'1'),
(2, 'Belian', 1, b'1'),
(3, 'Sukajadi', 1, b'1'),
(4, 'Sungai Panas', 1, b'1'),
(5, 'Taman Baloi', 1, b'1'),
(6, 'Teluk Tering', 1, b'1'),
(7, 'Bukit Tempayan', 2, b'1'),
(8, 'Buliang', 2, b'1'),
(9, 'Kibing', 2, b'1'),
(10, 'Tanjung Uncang', 2, b'1'),
(11, 'Batu Merah', 3, b'1'),
(12, 'Kampung Seraya', 3, b'1'),
(13, 'Sungai Jodoh', 3, b'1'),
(14, 'Tanjung Sengkuang', 3, b'1'),
(15, 'Kasu', 4, b'1'),
(16, 'Pecong', 4, b'1'),
(17, 'Pemping', 4, b'1'),
(18, 'Pulau Terong', 4, b'1'),
(19, 'Sekanak Raya', 4, b'1'),
(20, 'Tanjung Sari', 4, b'1'),
(21, 'Bengkong Indah', 5, b'1'),
(22, 'Bengkong Laut', 5, b'1'),
(23, 'Sadai', 5, b'1'),
(24, 'Tanjung Buntung', 5, b'1'),
(25, 'Batu Legong', 6, b'1'),
(26, 'Bulang Lintang', 6, b'1'),
(27, 'Pantai Gelam', 6, b'1'),
(28, 'Setokok', 6, b'1'),
(29, 'Air Raja', 7, b'1'),
(30, 'Galang Baru', 7, b'1'),
(31, 'Rempang Cate', 7, b'1'),
(32, 'Sembulang', 7, b'1'),
(33, 'Subang Mas', 7, b'1'),
(34, 'Baloi Indah', 8, b'1'),
(35, 'Batu Selicin', 8, b'1'),
(36, 'Kampung Pelita', 8, b'1'),
(37, 'Lubuk Baja Kota', 8, b'1'),
(38, 'Tanjung Uma', 8, b'1'),
(39, 'Batu Besar', 9, b'1'),
(40, 'Kabil', 9, b'1'),
(41, 'Ngenang', 9, b'1'),
(42, 'Sambau', 9, b'1'),
(43, 'Sagulung Kota', 10, b'1'),
(44, 'Sungai Binti', 10, b'1'),
(45, 'Sungai Langkai', 10, b'1'),
(46, 'Sungai Lekop', 10, b'1'),
(47, 'Sungai Pelunggut', 10, b'1'),
(48, 'Tembesi', 10, b'1'),
(49, 'Duriangkang', 11, b'1'),
(50, 'Mangsang', 11, b'1'),
(51, 'Muka Kuning', 11, b'1'),
(52, 'Tanjung Piayu', 11, b'1'),
(53, 'Patam Lestari', 12, b'1'),
(54, 'Sungai Harapan', 12, b'1'),
(55, 'Tanjung Pinggir', 12, b'1'),
(56, 'Tanjung Riau', 12, b'1'),
(57, 'Tiban Baru', 12, b'1'),
(58, 'Tiban Indah', 12, b'1'),
(59, 'Tiban Lama', 12, b'1');

-- --------------------------------------------------------

--
-- Struktur dari tabel `kwitansis`
--

CREATE TABLE `kwitansis` (
  `receipt_id` bigint(20) NOT NULL,
  `receipt_no` varchar(255) DEFAULT NULL,
  `transaksi_id` int(11) DEFAULT NULL,
  `receipt_method` int(2) DEFAULT NULL,
  `total_biaya` decimal(10,2) DEFAULT 0.00,
  `receipt_date` date DEFAULT NULL,
  `receipt_status` int(11) DEFAULT NULL,
  `created_at` timestamp NULL DEFAULT NULL,
  `updated_at` timestamp NULL DEFAULT NULL
) ENGINE=InnoDB DEFAULT CHARSET=utf8mb4 COLLATE=utf8mb4_unicode_ci;

--
-- Dumping data untuk tabel `kwitansis`
--

INSERT INTO `kwitansis` (`receipt_id`, `receipt_no`, `transaksi_id`, `receipt_method`, `total_biaya`, `receipt_date`, `receipt_status`, `created_at`, `updated_at`) VALUES
(1, 'RCP-00001', 1, 2, 4000.00, '2024-07-01', 1, '2024-07-01 08:02:21', '2024-07-01 08:02:21'),
(2, 'RCP-00002', 2, 2, 2000.00, '2024-07-02', 3, '2024-07-02 05:15:07', '2024-07-02 05:15:07');

-- --------------------------------------------------------

--
-- Struktur dari tabel `menu`
--

CREATE TABLE `menu` (
  `id` int(11) NOT NULL,
  `menu` varchar(50) DEFAULT NULL,
  `link` varchar(50) DEFAULT NULL,
  `icon` varchar(50) DEFAULT NULL,
  `isactive` int(1) DEFAULT NULL,
  `type` int(1) DEFAULT NULL,
  `orderid` int(11) DEFAULT NULL,
  `parentid` int(11) DEFAULT NULL,
  `groupmenu` int(11) DEFAULT 0
) ENGINE=InnoDB DEFAULT CHARSET=utf8mb4 COLLATE=utf8mb4_general_ci;

--
-- Dumping data untuk tabel `menu`
--

INSERT INTO `menu` (`id`, `menu`, `link`, `icon`, `isactive`, `type`, `orderid`, `parentid`, `groupmenu`) VALUES
(1, 'MENU', NULL, 'bars', 1, 1, 1, NULL, 1),
(2, 'TRANSAKSI', NULL, 'handshake', 1, 1, 2, NULL, 0),
(3, 'GENERAL', NULL, 'cogs', 1, 1, 3, NULL, 0),
(15, 'Mobil', 'mobil', 'car', 1, 2, 1, 1, 0),
(16, 'Customer', 'customer', 'users', 1, 2, 2, 1, 0),
(21, 'Transaksi', 'transaksi', 'handshake', 1, 2, 1, 2, 0),
(25, 'Booking', 'booking', 'car', 1, 2, 1, 1, 1),
(26, 'Transaksi', 'mytransaksi', 'handshake', 1, 2, 2, 1, 1),
(27, 'Mobil', 'mobils', 'car-side', 0, 2, 3, 1, 1),
(35, 'Type Mobil', 'mobiltype', 'car', 1, 2, 1, 3, 0),
(36, 'Kecamatan', 'kecamatan', 'map-pin', 1, 2, 2, 3, 0),
(37, 'Kelurahan', 'kelurahan', 'map-pin', 1, 2, 3, 3, 0);

-- --------------------------------------------------------

--
-- Struktur dari tabel `mobils`
--

CREATE TABLE `mobils` (
  `id` bigint(20) UNSIGNED NOT NULL,
  `name` varchar(255) DEFAULT '',
  `merek` varchar(255) DEFAULT NULL,
  `type` int(11) DEFAULT NULL,
  `warna` varchar(255) DEFAULT NULL,
  `tahun_produksi` varchar(255) DEFAULT NULL,
  `no_plat` varchar(255) DEFAULT NULL,
  `sewa_harian` decimal(10,2) DEFAULT NULL,
  `sewa_mingguan` decimal(10,2) DEFAULT NULL,
  `sewa_bulanan` decimal(10,2) DEFAULT NULL,
  `status` tinyint(4) NOT NULL DEFAULT 0,
  `is_active` tinyint(4) NOT NULL DEFAULT 0,
  `mobil_path` varchar(255) DEFAULT NULL,
  `created_at` timestamp NULL DEFAULT NULL,
  `updated_at` timestamp NULL DEFAULT NULL
) ENGINE=InnoDB DEFAULT CHARSET=utf8mb4 COLLATE=utf8mb4_unicode_ci;

--
-- Dumping data untuk tabel `mobils`
--

INSERT INTO `mobils` (`id`, `name`, `merek`, `type`, `warna`, `tahun_produksi`, `no_plat`, `sewa_harian`, `sewa_mingguan`, `sewa_bulanan`, `status`, `is_active`, `mobil_path`, `created_at`, `updated_at`) VALUES
(1, 'Honda', 'Honda', 1, 'Merah', '2010', 'BP 0001 A', 1000.00, 2000.00, 3000.00, 1, 1, 'documents/mobil/mobil_1716111241.jpg', '2024-05-18 16:56:23', '2024-07-27 04:52:07'),
(2, 'Suzuki', 'Suzuki', 6, 'Kuning', '2001', 'BP 0001 B', 1000.00, 2000.00, 3000.00, 2, 1, 'documents/mobil/mobil_1716111252.png', '2024-05-19 07:12:00', '2024-07-02 05:10:31'),
(3, 'Toyota', 'Toyota', 7, 'Hitam', '2011', 'BP 0001 C', 1000.00, 2000.00, 3000.00, 3, 1, 'documents/mobil/mobil_1716111263.png', '2024-05-19 08:25:29', '2024-06-10 12:16:05'),
(4, 'RUSH', 'RUSH', 1, 'Hitam', '2010', 'BP 0001 D', 1000.00, 2000.00, 3000.00, 2, 1, 'documents/mobil/mobil_1718267070.png', '2024-06-13 09:24:30', '2024-07-02 05:13:35'),
(5, 'AVANZA', 'AVANZA', 6, 'Merah', '2010', 'BP 0001 E', 1000.00, 2000.00, 3000.00, 2, 1, 'documents/mobil/mobil_1718440993.png', '2024-06-15 09:43:13', '2024-06-29 06:35:06');

-- --------------------------------------------------------

--
-- Struktur dari tabel `mobiltypes`
--

CREATE TABLE `mobiltypes` (
  `id` mediumint(8) UNSIGNED NOT NULL,
  `name` varchar(255) NOT NULL,
  `is_active` bit(1) NOT NULL
) ENGINE=InnoDB DEFAULT CHARSET=utf8mb4 COLLATE=utf8mb4_unicode_ci ROW_FORMAT=COMPACT;

--
-- Dumping data untuk tabel `mobiltypes`
--

INSERT INTO `mobiltypes` (`id`, `name`, `is_active`) VALUES
(1, 'Mobil SUV', b'1'),
(2, 'Mobil MPV', b'1'),
(3, 'Mobil Crossover', b'1'),
(4, 'Mobil Hatchback', b'1'),
(5, 'Mobil Sedan', b'1'),
(6, 'Mobil Station Wagon', b'1'),
(7, 'Mobil Off road', b'1'),
(8, 'Mobil Pickup Truck', b'1'),
(9, 'Mobil LCGC', b'1'),
(10, 'Mobil Hybrid', b'1');

-- --------------------------------------------------------

--
-- Struktur dari tabel `oauth_access_tokens`
--

CREATE TABLE `oauth_access_tokens` (
  `id` varchar(100) NOT NULL,
  `user_id` bigint(20) UNSIGNED DEFAULT NULL,
  `client_id` bigint(20) UNSIGNED NOT NULL,
  `name` varchar(255) DEFAULT NULL,
  `scopes` text DEFAULT NULL,
  `revoked` tinyint(1) NOT NULL,
  `created_at` timestamp NULL DEFAULT NULL,
  `updated_at` timestamp NULL DEFAULT NULL,
  `expires_at` datetime DEFAULT NULL
) ENGINE=InnoDB DEFAULT CHARSET=utf8mb4 COLLATE=utf8mb4_unicode_ci;

--
-- Dumping data untuk tabel `oauth_access_tokens`
--

INSERT INTO `oauth_access_tokens` (`id`, `user_id`, `client_id`, `name`, `scopes`, `revoked`, `created_at`, `updated_at`, `expires_at`) VALUES
('0126e6258efcd42ff536d81d3f3f16270d9e679438eb4abcfacb47199268697fa0ca2a0ade626698', 1, 3, 'MyApp', '[]', 0, '2024-06-10 03:57:18', '2024-06-10 03:57:18', '2025-06-10 10:57:18'),
('044c1d0866f98609bba8320de3a4e87bbb250526444887f645be1f249fd8e814e4ebe8a2edb3365f', 1, 3, 'MyApp', '[]', 0, '2024-06-13 05:52:09', '2024-06-13 05:52:09', '2025-06-13 12:52:09'),
('0579d70444085c340f8c8c475d54acb85de767ebbf2dba19277d239ad42383dec4a3d80388c8626c', 1, 3, 'MyApp', '[]', 0, '2024-06-06 06:34:19', '2024-06-06 06:34:19', '2025-06-06 13:34:19'),
('058c64cfc4789800927f4a9c07d36082db0cfc418063e2537ae5925f8cf2d905d87dda2e3e6d3fef', 4, 3, 'MyApp', '[]', 0, '2024-07-02 05:08:09', '2024-07-02 05:08:09', '2025-07-02 12:08:09'),
('05cd86f88d9681472f0210e07b4075f3e1ef91565b4b014c947e8df1634647e4086fb1b1ab7e660d', 6, 3, 'MyApp', '[]', 0, '2024-06-08 15:24:57', '2024-06-08 15:24:57', '2025-06-08 22:24:57'),
('065901a66f7a9c5aef0cd47cd9ba4e39d827d971a7eefdba1fb7a135160ebcc4213d57256fd0587f', 1, 3, 'MyApp', '[]', 0, '2024-05-17 13:23:26', '2024-05-17 13:23:26', '2025-05-17 20:23:26'),
('0d6ea0e97e83daee575c7d17e1fa79d79ead3db3a4a275dd4a9c3f1efcfff29517bf07bc9d3241f8', 1, 3, 'MyApp', '[]', 0, '2024-06-13 10:07:54', '2024-06-13 10:07:54', '2025-06-13 17:07:54'),
('0ee2ef827022e8e0b9f5f55017e9a5f14132ff7a6cb86159f8cadeb79aed5e8d9337069bb07da055', 1, 3, 'MyApp', '[]', 0, '2024-06-06 07:33:39', '2024-06-06 07:33:39', '2025-06-06 14:33:39'),
('0ffb8b6d1d2caccbe24df48dc91a787da0093ad4fdaa998591ea22afe0859299659fc0d781ee7505', 1, 3, 'MyApp', '[]', 0, '2024-06-11 09:16:35', '2024-06-11 09:16:35', '2025-06-11 16:16:35'),
('121f047bc0bf46bf4d6ee876dae08ff7e87315b3d7b30d9d7ba28d45af05c9562fdd72de32f2a48c', 1, 3, 'MyApp', '[]', 0, '2024-06-10 16:38:02', '2024-06-10 16:38:02', '2025-06-10 23:38:02'),
('149727157c6077b380638612f2e26de34632d71409a41f6e506e44c6434e7c03135fc8e94fd783af', 1, 3, 'MyApp', '[]', 0, '2024-05-26 18:04:49', '2024-05-26 18:04:49', '2025-05-27 01:04:49'),
('15eedace189248f00f2c36e280ec6a5958ee657fe039b3171333ef0fecfd66ced24e3ada58835f34', 1, 3, 'MyApp', '[]', 0, '2024-07-01 08:01:54', '2024-07-01 08:01:54', '2025-07-01 15:01:54'),
('177bbe93901cfab742a6f65d04bfef892908bf9c53b59b693d6db89310bf5cf704850d0b450ad51d', 1, 3, 'MyApp', '[]', 0, '2024-06-06 08:08:59', '2024-06-06 08:08:59', '2025-06-06 15:08:59'),
('1b0eedf57ec9337cb1151cb2721a58c4ecf557dfd51a6a6f074b4c72fff871cb1cc892b42c1cac02', 1, 3, 'MyApp', '[]', 0, '2024-05-17 08:18:43', '2024-05-17 08:18:43', '2025-05-17 15:18:43'),
('1cace669a7b55a35db3b6c316604e0b9b9c107f98f634f031eb3d58063b49ffdcbe676e2889956e7', 1, 3, 'MyApp', '[]', 0, '2024-07-01 07:09:29', '2024-07-01 07:09:29', '2025-07-01 14:09:29'),
('1cda8507d9f9c4e32a51b5370eae7b019a5d4f0cea0b81e825570b4ec7366c748978aa688113e830', 1, 3, 'MyApp', '[]', 0, '2024-06-09 02:35:20', '2024-06-09 02:35:20', '2025-06-09 09:35:20'),
('1cee0794f60073f2767d11ec82947401526f0113eeb27eea01deda8930b9e6c0c7c8ad6b26a13425', 1, 3, 'MyApp', '[]', 0, '2024-05-20 02:39:36', '2024-05-20 02:39:36', '2025-05-20 09:39:36'),
('1d3f88f2cf8d6629c0cd56f3bf0e98161e91c63abdc15325706440274376134ae9506f7defe35ef2', 1, 3, 'MyApp', '[]', 0, '2024-06-13 08:47:07', '2024-06-13 08:47:07', '2025-06-13 15:47:07'),
('1dc2ff9c0beebd00e8286195635ed6cdf8c8cf401452ee6727463ad5873de6f970d4c50acbf28fed', 6, 3, 'MyApp', '[]', 0, '2024-06-10 12:47:43', '2024-06-10 12:47:43', '2025-06-10 19:47:43'),
('1e6529c5a2f544c420fda189c8a3911618cfe95b05568f3bd304a2b4cd75ae7795e0bafc4309712b', 1, 3, 'MyApp', '[]', 0, '2024-05-23 06:22:19', '2024-05-23 06:22:19', '2025-05-23 13:22:19'),
('221f1a56f1a5a7caa550c2583eee0abc80bfa227e23d6539002c3502433f96a8737605281365a43b', 1, 3, 'MyApp', '[]', 0, '2024-07-02 05:14:34', '2024-07-02 05:14:34', '2025-07-02 12:14:34'),
('23a3819392120ad15eb2aaa263cc73f813a3baaa54cd9f5048420570f63c26cfeec744c3ff0271d6', 2, 3, 'MyApp', '[]', 0, '2024-06-06 14:23:28', '2024-06-06 14:23:28', '2025-06-06 21:23:28'),
('29984caf97b07678d1be8af2d62d719742000dadcf23faf70cf633fe7ab6cd9f04d096deefbbb1f8', 1, 3, 'MyApp', '[]', 0, '2024-07-01 09:20:54', '2024-07-01 09:20:54', '2025-07-01 16:20:54'),
('2b8027f3a7255afdebc45a389b6d562c9368506d6d9b81599f96d754afed6d20998e1c558b7f16ac', 1, 3, 'MyApp', '[]', 0, '2024-05-18 17:13:10', '2024-05-18 17:13:10', '2025-05-19 00:13:10'),
('2cae68cf82a191a49618912404327f75086716f5f1406aa27359589b19f84e3ea4dcd46402e1a8a2', 1, 3, 'MyApp', '[]', 0, '2024-06-13 05:59:25', '2024-06-13 05:59:25', '2025-06-13 12:59:25'),
('2d37c682f19fef4e88241f9ae592494bbae68710c8eb5ec8b31ccda7519c6498af004391c34a2ccb', 2, 3, 'MyApp', '[]', 0, '2024-05-17 08:11:58', '2024-05-17 08:11:58', '2025-05-17 15:11:58'),
('2e459e9aeb026a48cfa1359ceefa84e7444e93cb0cc7cb35838032b61c9ef3d0a54ddbc25e74fbb3', 1, 3, 'MyApp', '[]', 0, '2025-01-07 02:48:52', '2025-01-07 02:48:52', '2026-01-07 09:48:52'),
('2e80ae166c27c0a20cd60c2e256da70f77e76d1a74ec70968653031cfa435db71d43180010811306', 1, 3, 'MyApp', '[]', 0, '2024-05-29 10:33:48', '2024-05-29 10:33:48', '2025-05-29 17:33:48'),
('3346a445c12d6510b9983eb32ab29139cace892d97adbe9c2466c44b961b7ee5cc411299d2d19f74', 1, 3, 'MyApp', '[]', 0, '2024-06-08 04:46:53', '2024-06-08 04:46:53', '2025-06-08 11:46:53'),
('35383f2e534e2999bf1097004bb6acab1d5cbbbcd38b757d4dbd7f0e8cd367f545eaae10b8adfca6', 1, 3, 'MyApp', '[]', 0, '2024-06-13 08:53:31', '2024-06-13 08:53:31', '2025-06-13 15:53:31'),
('3c3fa56fffc7b7dc33e1a59dc3b373757512b061557f94439b161fb282208d4d53d25ef84c0b6003', 1, 3, 'MyApp', '[]', 0, '2024-05-29 02:12:48', '2024-05-29 02:12:48', '2025-05-29 09:12:48'),
('3e2ae520a1fc1f1348a03573c059bd77d81ff6e5b3f92862bf28ff48f12e34e6bd0aa649b0b26a57', 4, 3, 'MyApp', '[]', 0, '2024-05-29 10:34:02', '2024-05-29 10:34:02', '2025-05-29 17:34:02'),
('3ee2b0f81f7c566c800491ff4dd386c15a8fcf824d4b78b3d1e36d6c2e985b4c8cba135faeb624ce', 5, 3, 'MyApp', '[]', 0, '2024-05-29 02:18:22', '2024-05-29 02:18:22', '2025-05-29 09:18:22'),
('3ef8b80845bed8abd85e1c7c28c4a06324725ded1b661b786116f7900d51716052bb5d23c21d20d5', 1, 3, 'MyApp', '[]', 0, '2024-05-23 03:47:58', '2024-05-23 03:47:58', '2025-05-23 10:47:58'),
('442fc92449e779bc400a77396b709b5e9e475693a00a58e1720fbcc4312d203d46b27ce977a908d4', 1, 3, 'MyApp', '[]', 0, '2024-06-13 13:22:09', '2024-06-13 13:22:09', '2025-06-13 20:22:09'),
('47332f50403e982092df7534cd0150c7354ef4f2c4c7e7694a49a205e3caa09e09be314c439c0e35', 1, 3, 'MyApp', '[]', 0, '2024-05-17 10:57:13', '2024-05-17 10:57:13', '2025-05-17 17:57:13'),
('4859123c377bc543b13ed6d8e8e14dc8167674938f7830ec2eb39cab4774037d3e6c0339e918f7b0', 1, 3, 'MyApp', '[]', 0, '2024-06-13 05:22:55', '2024-06-13 05:22:55', '2025-06-13 12:22:55'),
('490c98660b61f8ee4cfe84c977a120c4e8ad5fc927dde93ccfaf25b6c1a1a8a637407f893a49f77b', 2, 3, 'MyApp', '[]', 0, '2024-06-13 08:52:35', '2024-06-13 08:52:35', '2025-06-13 15:52:35'),
('4be6847be73dd7acb9108752f07a23f09a9ab6639a29054ed1506454cc0ba752640706a35a9081a4', 2, 3, 'MyApp', '[]', 0, '2024-05-29 12:40:44', '2024-05-29 12:40:44', '2025-05-29 19:40:44'),
('4bf82f93ffec1190b27bb276f53166c85b9782cc279e0becf0d78577f20c04641826e2ea21ad074d', 1, 3, 'MyApp', '[]', 0, '2024-05-29 02:19:48', '2024-05-29 02:19:48', '2025-05-29 09:19:48'),
('4e1eb4916ce7a34850548434b06c888a066c6c2e3738690e1e31695fef3bea962eacf4036e9c9f41', 2, 3, 'MyApp', '[]', 0, '2024-07-01 07:09:41', '2024-07-01 07:09:41', '2025-07-01 14:09:41'),
('506a1437867bcebb28aa67c3c09a76304c46d15a9f541fc6cc353a3d02eb499c356175914c05157e', 2, 3, 'MyApp', '[]', 0, '2024-07-01 06:34:10', '2024-07-01 06:34:10', '2025-07-01 13:34:10'),
('528cec867df7469f42fea0a8454579e100ae65b9f43dfbd84f75d7afdc0c6f373f91fe3f38e66767', 1, 3, 'MyApp', '[]', 0, '2024-07-27 04:50:51', '2024-07-27 04:50:51', '2025-07-27 11:50:51'),
('52d4c4c08fc5ed5973124bbdcd9a8a0e5a906b089b1d14533b53e7e2d4da98a363000e39181e3b5c', 1, 3, 'MyApp', '[]', 0, '2024-05-26 11:18:40', '2024-05-26 11:18:40', '2025-05-26 18:18:40'),
('53a155d3ce13f6d740df19577cdb76ae2b98bab597e2e20dd0f3b8870809b0811385746ddc7aec76', 1, 3, 'MyApp', '[]', 0, '2024-07-01 06:59:16', '2024-07-01 06:59:16', '2025-07-01 13:59:16'),
('575a9bb4dc45230bc916a63b11c9ac0c6f0162eeb590f48f8f07170f0611a040ac82b59154623015', 1, 3, 'MyApp', '[]', 0, '2024-05-21 06:57:20', '2024-05-21 06:57:20', '2025-05-21 13:57:20'),
('57f1a07dd37343078332dfefd1b3863ab37d80b802a7502628843db638031ba45bcb58824291236a', 1, 3, 'MyApp', '[]', 0, '2024-05-21 10:09:38', '2024-05-21 10:09:38', '2025-05-21 17:09:38'),
('5a0abdbf4843f55359b462c2ea20b57ec3bbf21d5187ec9d3d0942f92660ec2040f1f838211a8c08', 2, 3, 'MyApp', '[]', 0, '2024-06-13 08:56:08', '2024-06-13 08:56:08', '2025-06-13 15:56:08'),
('5b7ab186846a727bd1eab3fedc0db81b83a2531f11e0392d309f23edabbf0152de6d9f0cef078ccd', 1, 3, 'MyApp', '[]', 0, '2024-05-24 16:43:32', '2024-05-24 16:43:32', '2025-05-24 23:43:32'),
('5d73768ac4ceda977e00ddf06c75cceeaf17fa4bec3ad51af27f7a6f27d5da0a3d32055ee95dafaf', 1, 3, 'MyApp', '[]', 0, '2024-06-13 08:48:48', '2024-06-13 08:48:48', '2025-06-13 15:48:48'),
('5e61386269bd0e01ee7096d858cdaf01334f846086c6e5b862f5286a1126c9d23be2383e5cd1c251', 2, 3, 'MyApp', '[]', 0, '2024-06-12 07:20:16', '2024-06-12 07:20:16', '2025-06-12 14:20:16'),
('5fedad55a7e9a80e76dd30ee1d7b3933c6c4df31b91e3234d8412d0a5676f0f745addd2c4da0b412', 1, 3, 'MyApp', '[]', 0, '2024-06-13 10:02:05', '2024-06-13 10:02:05', '2025-06-13 17:02:05'),
('6062510c18b7d4ae1ea2aeef07f84a2f7b5e7b2a3c295cb22015ceb7433276d267ca47a9dcd784c3', 1, 3, 'MyApp', '[]', 0, '2024-06-29 05:56:17', '2024-06-29 05:56:17', '2025-06-29 12:56:17'),
('60a3f1a1d69e49d21771aaec0002091fd3f45b412ee751400489cf95301699b3c4b2a52c89d225c9', 2, 3, 'MyApp', '[]', 0, '2024-06-08 15:24:28', '2024-06-08 15:24:28', '2025-06-08 22:24:28'),
('60bfd73be5c7cfbc3c7c196352871abdeac4bb4c90a55cb352bc0eb3d3c3fcdb43de50558fca210c', 2, 3, 'MyApp', '[]', 0, '2024-05-17 07:55:36', '2024-05-17 07:55:36', '2025-05-17 14:55:36'),
('624d6b2e439174d0d734433571456bf83b862c9e02353e6665c636d7a74e30c858e02394cab9b891', 2, 3, 'MyApp', '[]', 0, '2024-05-30 09:36:27', '2024-05-30 09:36:27', '2025-05-30 16:36:27'),
('6308bfda5fdbcdd756b115fa2db7e5d70a26894bc054d13a45c20094822b7f11d9118c01020c49ee', 1, 3, 'MyApp', '[]', 0, '2024-05-29 10:38:08', '2024-05-29 10:38:08', '2025-05-29 17:38:08'),
('6554c6e416f5f106b062d3bcd897f418d74799ad69e0d66a2fefc9890052b5192aa4ee8ec89ac7e5', 2, 3, 'MyApp', '[]', 0, '2024-06-11 09:35:16', '2024-06-11 09:35:16', '2025-06-11 16:35:16'),
('68e52929a782e2c48dfb88f24498ef4ee4d70672301458ef0cc752f2d1c24e998d4b33f51d299f35', 1, 3, 'MyApp', '[]', 0, '2024-05-20 06:07:50', '2024-05-20 06:07:50', '2025-05-20 13:07:50'),
('6949326ddd86302fbe4594de598087f52aae3b443e745d2fdf4793472859aa12df2bc1cd7197cd82', 2, 3, 'MyApp', '[]', 0, '2024-06-13 06:01:12', '2024-06-13 06:01:12', '2025-06-13 13:01:12'),
('6a9b1e7f000302301f234a3ab4d1d8729dee46433dab90dee1c0381531d8b029f89982b4a231a75a', 1, 3, 'MyApp', '[]', 0, '2024-06-12 07:23:03', '2024-06-12 07:23:03', '2025-06-12 14:23:03'),
('6b18801f989b1b1ab3f049f1ceda6726420ca342d79d476a944d2cbe22053156d5ea829cb81c4160', 2, 3, 'MyApp', '[]', 0, '2024-05-30 07:25:15', '2024-05-30 07:25:15', '2025-05-30 14:25:15'),
('6bb94c45ebcca2cdefee44795f2b6ec37f04e0502972e7720015267716e8a1218843855c5ab45606', 2, 3, 'MyApp', '[]', 0, '2024-05-17 07:48:06', '2024-05-17 07:48:06', '2025-05-17 14:48:06'),
('6e668c3b082afdfda810e98c4faa65459fd137bb629abe8860136c5c9d7420446ff7bfe091ca3781', 6, 3, 'MyApp', '[]', 0, '2024-06-15 09:10:58', '2024-06-15 09:10:58', '2025-06-15 16:10:58'),
('6f4dcc73faf65c2e6eae2987a1790d680cf49bd78a7e12b5c90a6dd2577a4873f8913e4673fd791b', 4, 3, 'MyApp', '[]', 0, '2024-05-29 14:16:20', '2024-05-29 14:16:20', '2025-05-29 21:16:20'),
('7007bcbe0a7d562c52bdb475de598677e9694f39c4e71969bf1e8a94164066c17a90105445003754', 1, 3, 'MyApp', '[]', 0, '2024-07-01 14:31:30', '2024-07-01 14:31:30', '2025-07-01 21:31:30'),
('71b5090af3de7860bf29ad6eb21b5ef8ec5ac3dc7720f6e1144f128143112de7608388ca58dbbc87', 1, 3, 'MyApp', '[]', 0, '2024-06-10 12:15:46', '2024-06-10 12:15:46', '2025-06-10 19:15:46'),
('728c128e8dceb729e447682aab403b5c167153fe954f4287623c5d25bbef1231d7b3666956415d1a', 1, 3, 'MyApp', '[]', 0, '2024-07-01 08:36:50', '2024-07-01 08:36:50', '2025-07-01 15:36:50'),
('74754e43102b212c008e0d07d4c5ba4e2e4a80415dae19b9afbf53a0664330cc991325ecf39e9cf4', 3, 3, 'MyApp', '[]', 0, '2024-06-11 09:57:44', '2024-06-11 09:57:44', '2025-06-11 16:57:44'),
('78ea52094371b617b2b71c36fe586374b5efd2f4c34befa9cd2882aba396209f06d12a9ab4291a49', 1, 3, 'MyApp', '[]', 0, '2024-05-27 08:18:13', '2024-05-27 08:18:13', '2025-05-27 15:18:13'),
('79ee3c9a46720b69a603a38153c2791fcecd6aefa65cbdb5d2cec85220f2d01235263ca7421e1c96', 1, 3, 'MyApp', '[]', 0, '2024-05-30 03:10:19', '2024-05-30 03:10:19', '2025-05-30 10:10:19'),
('7af0bce247393b409914666c63d4e911909fdef66088208220c2b86c56c30385195258bc7097ec99', 1, 3, 'MyApp', '[]', 0, '2024-05-18 03:20:08', '2024-05-18 03:20:08', '2025-05-18 10:20:08'),
('7dbc2df2fa3a403ed539502d1f851d49f8f99d0b79e52ceb68ba9cd22f00047b6822ebc9e0a93218', 2, 3, 'MyApp', '[]', 0, '2024-05-17 07:17:40', '2024-05-17 07:17:40', '2025-05-17 14:17:40'),
('7f7b29ed204acdc7364f9e407082b66762aca45e3b918b48c35ce93e91b1f4f07c190e3872a86e15', 1, 3, 'MyApp', '[]', 0, '2024-05-27 03:08:42', '2024-05-27 03:08:42', '2025-05-27 10:08:42'),
('7fb1eea64cfd8b5dffa089994595180cfa56c2941c4171ae82600abd3f76f4ee53c2550d7218c57a', 1, 3, 'MyApp', '[]', 0, '2024-05-29 10:36:15', '2024-05-29 10:36:15', '2025-05-29 17:36:15'),
('8440d0542130dea92dc88a53f20d16ec2c87250054653661e577ba1ad414602065b84fc1052e4cc4', 1, 3, 'MyApp', '[]', 0, '2024-06-13 08:48:20', '2024-06-13 08:48:20', '2025-06-13 15:48:20'),
('882e5691120da582e828d86e4978c73e8fcb5d0d6bffa1fa8c7c77b5b11771b5dbbe4bfb0bfe41a4', 12, 3, 'MyApp', '[]', 0, '2024-06-13 10:07:00', '2024-06-13 10:07:00', '2025-06-13 17:07:00'),
('89a2c0fe407913592e8506b0ea1c4a0ed2b84e21ab7e3d34c26bd54734bf089397c76ecaa981a9bb', 6, 3, 'MyApp', '[]', 0, '2024-06-11 09:24:00', '2024-06-11 09:24:00', '2025-06-11 16:24:00'),
('89d50478dc86ea81711bc7ddaab67974377634a50fe1d466610a5bd0b43e4edda643173e2d19adce', 5, 3, 'MyApp', '[]', 0, '2024-05-29 10:35:59', '2024-05-29 10:35:59', '2025-05-29 17:35:59'),
('8b76ccabf86d75cbf7fd51917cba37141adb930453461c62f6d6a36060a92ded9e531ed3ad1941e3', 1, 3, 'MyApp', '[]', 0, '2024-06-06 11:37:53', '2024-06-06 11:37:53', '2025-06-06 18:37:53'),
('8d938ac85d821d414585f4bdb0b4b61421d558804309f7ad5941f0001b34086d7d2f586622de771c', 2, 3, 'MyApp', '[]', 0, '2024-06-08 15:25:35', '2024-06-08 15:25:35', '2025-06-08 22:25:35'),
('8e1f43b150e17ad5c4cebe869be1c6acfc21cd285b48fd4f98d43f3a2b27052319d5e3ae568424c5', 2, 3, 'MyApp', '[]', 0, '2024-05-30 09:56:41', '2024-05-30 09:56:41', '2025-05-30 16:56:41'),
('8fed65ca2014116dfe01a510ed753d1720fa50b3634e4909368f7d017abc5f1a600767e91beeff37', 1, 3, 'MyApp', '[]', 0, '2024-05-23 05:01:50', '2024-05-23 05:01:50', '2025-05-23 12:01:50'),
('904c343ac7ec5d8c51ba4b9f3f98a6a65f6c85d8dadf3529d741eac986184d73b0bc4eb83c3ea8b7', 6, 3, 'MyApp', '[]', 0, '2024-06-08 10:14:16', '2024-06-08 10:14:16', '2025-06-08 17:14:16'),
('925daaccf45a5759575665e9b343df371b794effe2fd7ba7960c843f9d5c887e0c66b8bf3eecb7f4', 1, 3, 'MyApp', '[]', 0, '2024-06-13 10:06:00', '2024-06-13 10:06:00', '2025-06-13 17:06:00'),
('972a7c403beba19b0a4075e5096df3f64ce4f5d7057f96ab4c325bea7c7140b7d1f8651c98d6ca4e', 1, 3, 'MyApp', '[]', 0, '2024-07-01 06:32:45', '2024-07-01 06:32:45', '2025-07-01 13:32:45'),
('992b9b2ca80f5cbd3ca3baa6052d0dc974de0b6315bc8d281dc140031379264c330dbeec2eb49f04', 1, 3, 'MyApp', '[]', 0, '2024-11-01 01:59:35', '2024-11-01 01:59:35', '2025-11-01 08:59:35'),
('9b21c8b25b3898b1cca8ae510649b696bab2ecdf5978ec76d260cc483ff8b278a7e251034759c9ee', 1, 3, 'MyApp', '[]', 0, '2024-10-07 06:33:36', '2024-10-07 06:33:36', '2025-10-07 13:33:36'),
('9b5448794e7da6ba523b9407f0f615bf051b63c599e2db2e2600a61d88f16f5cc86587b047fc486e', 2, 3, 'MyApp', '[]', 0, '2024-05-29 14:16:43', '2024-05-29 14:16:43', '2025-05-29 21:16:43'),
('a462f9bf2107f468b6ebd3f315d7b8f9359944474613dd29ee5e49561b4c31aa66ea60659b30c0c4', 1, 3, 'MyApp', '[]', 0, '2024-11-06 13:45:28', '2024-11-06 13:45:28', '2025-11-06 20:45:28'),
('a7f34ff6c77a32d07faa4d9656a5bd0ce2953107629ea292374e2a6a0d277825198b721ad141aeae', 6, 3, 'MyApp', '[]', 0, '2024-06-11 07:50:56', '2024-06-11 07:50:56', '2025-06-11 14:50:56'),
('aa3dc7c0e5405e7a9ee9e747abaaa5c354a5538a303fca1629b406abac7d9d0deb0e1726f7e618bb', 2, 3, 'MyApp', '[]', 0, '2024-06-08 15:23:36', '2024-06-08 15:23:36', '2025-06-08 22:23:36'),
('aac003a4e4d4d4e593c4a0fa92ec661517e609830ef797e3194fa4e69cb25b5f354e7e0ce10699df', 1, 3, 'MyApp', '[]', 0, '2024-06-01 05:21:26', '2024-06-01 05:21:26', '2025-06-01 12:21:26'),
('aac7a310576f2244cc8dc8eccace02a0429b178207d1ab0283f7a8b8cae2568bc60c9594ece905e7', 1, 3, 'MyApp', '[]', 0, '2024-05-19 07:00:55', '2024-05-19 07:00:55', '2025-05-19 14:00:55'),
('ad2ce22979eaf7c39bc66c1d41fe0ada0a9a7830717efd0db22dce5aff98f128fbcf93ec68be7a06', 1, 3, 'MyApp', '[]', 0, '2024-05-17 17:08:57', '2024-05-17 17:08:57', '2025-05-18 00:08:57'),
('ad58885ce8ecdfda7b84a7b59f299d900a71d1e3e6f4a7f9413ba18a002f3deb273e7fd03c158823', 8, 3, 'MyApp', '[]', 0, '2024-06-11 09:50:58', '2024-06-11 09:50:58', '2025-06-11 16:50:58'),
('ae2805d1a540cab5e296a1a057f740ef468170c07e62207c04b7eabcbd5c3ff4da12159cb95afe04', 4, 3, 'MyApp', '[]', 0, '2024-05-27 08:30:09', '2024-05-27 08:30:09', '2025-05-27 15:30:09'),
('b0a9b98153ff5a616a465c1eb0120e7d4039fbdb744654781996a56c26a7ad3b3d474a99626a50ec', 6, 3, 'MyApp', '[]', 0, '2024-06-15 09:28:53', '2024-06-15 09:28:53', '2025-06-15 16:28:53'),
('b2f398e4b2a68bd160324d4949bfabc91d9a221b9ac6e9905d99ebf01e6486e07c26dafb29fead41', 2, 3, 'MyApp', '[]', 0, '2024-05-30 01:06:57', '2024-05-30 01:06:57', '2025-05-30 08:06:57'),
('b354710bbfa36b66cf6d1e39caa1838ab3ef5866f4d4893a0905eb88b25e12f7c1ee0f4d991bc8d0', 1, 3, 'MyApp', '[]', 0, '2024-06-12 07:05:30', '2024-06-12 07:05:30', '2025-06-12 14:05:30'),
('b522ea044cac6757ffe1c0d26aa65b2422535af6ceed405a9db6ad4fd788d5e871911b5a1635a6a4', 1, 3, 'MyApp', '[]', 0, '2024-06-06 02:43:20', '2024-06-06 02:43:20', '2025-06-06 09:43:20'),
('b5cf1a89701993b29e9c21ede9921c0b98d7c914ddcdd535fd941d9fb926977e34c5210b53149c9c', 1, 3, 'MyApp', '[]', 0, '2025-01-27 18:08:47', '2025-01-27 18:08:47', '2026-01-28 01:08:47'),
('b62c59e7eac9d061175c28e74ce28280ff709192907f0c2a1b17b7f6a2cc6a6948c55872b71a4ec9', 1, 3, 'MyApp', '[]', 0, '2024-11-07 14:11:28', '2024-11-07 14:11:28', '2025-11-07 21:11:28'),
('b79c2b2122dda83212136dd64c25e89c5d0d90041b379aa43ce7e72d79d2d9e124f01582a9d4e422', 1, 3, 'MyApp', '[]', 0, '2024-06-11 09:51:50', '2024-06-11 09:51:50', '2025-06-11 16:51:50'),
('bb06e94a3043b3791ca88355275ceb1a080042ca92241c727a5d09b7ff82691e9f3f8fb6ee25f978', 1, 3, 'MyApp', '[]', 0, '2024-05-29 01:50:26', '2024-05-29 01:50:26', '2025-05-29 08:50:26'),
('bd190d9eb7f94b452ffe9eb8e26ca0534e224610f7e59c3e987fc666336bfa98b42079d4e69824e6', 1, 3, 'MyApp', '[]', 0, '2024-06-11 07:44:30', '2024-06-11 07:44:30', '2025-06-11 14:44:30'),
('c43f7b20b7671a6635f04c1933918584784c59c335cc90fc1787e211987e323598d95c06ef08b434', 2, 3, 'MyApp', '[]', 0, '2024-05-17 07:22:53', '2024-05-17 07:22:53', '2025-05-17 14:22:53'),
('c47abce5b6549516c98fdcd981e4c696722e1ad48157154e8229032083efce9bc05d5a088c6dc15e', 1, 3, 'MyApp', '[]', 0, '2024-06-08 07:44:15', '2024-06-08 07:44:15', '2025-06-08 14:44:15'),
('c5b4fd4a0c779899bdb229cb1314f11b58dc6a7e094882eb0ac4afa42f663d69511832eec8995abf', 3, 3, 'MyApp', '[]', 0, '2024-06-13 09:28:05', '2024-06-13 09:28:05', '2025-06-13 16:28:05'),
('c82640705bbfa5905626f238e02aa1e6f779ac6910a629c0c1f2d506c997023a2f2a4f5c2fac8022', 1, 3, 'MyApp', '[]', 0, '2024-05-19 09:37:32', '2024-05-19 09:37:32', '2025-05-19 16:37:32'),
('cb4a9f663d8b09e41fb6a852ff65c77355e33852612ff6d9cfb56572c2d49d2d5c33fcf542c5826b', 1, 3, 'MyApp', '[]', 0, '2024-06-15 09:39:04', '2024-06-15 09:39:04', '2025-06-15 16:39:04'),
('cc455ff5196a19c78ad5fb71c4ed957a63ddaae90489c2ecdedf7421dc1826990605d3996ead7a05', 1, 3, 'MyApp', '[]', 0, '2024-05-21 07:55:08', '2024-05-21 07:55:08', '2025-05-21 14:55:08'),
('ccec3543d8d6f0a21ad0c64a8d31260c8dfddff4b39e01e6ae9ef251c4855a8b8218ec8d301fc1c4', 2, 3, 'MyApp', '[]', 0, '2024-06-07 15:45:08', '2024-06-07 15:45:08', '2025-06-07 22:45:08'),
('cd02305b2b532b79587fa7d5756ce68e322e1aec17a67748c837ea514c656b3422a27c31921f5087', 1, 3, 'MyApp', '[]', 0, '2024-05-25 03:01:39', '2024-05-25 03:01:39', '2025-05-25 10:01:39'),
('cd1ed85988e41b1fcd282e76cb90d69cc477e29206c482174508b87ecc714fe78cd2d868306d94c1', 1, 3, 'MyApp', '[]', 0, '2024-05-25 06:34:11', '2024-05-25 06:34:11', '2025-05-25 13:34:11'),
('cd44ec8cca2530f03934068fadce73808b318eee3f8f2045bc99d6eb0b5e93d0ba436aaabc16d54b', 1, 3, 'MyApp', '[]', 0, '2024-06-06 08:09:22', '2024-06-06 08:09:22', '2025-06-06 15:09:22'),
('cd79be626fbd81acdd3b54394280cc15107600fdfb917a1f9222d8de0c201845aeaf9d16c839b13f', 12, 3, 'MyApp', '[]', 0, '2024-06-13 10:00:42', '2024-06-13 10:00:42', '2025-06-13 17:00:42'),
('cea6bb822030d7bc80ed6745856d8d2cb95bcf357d6f87891cfe39736d8ef1bed920b4dba1d8bafa', 4, 3, 'MyApp', '[]', 0, '2024-07-02 05:11:45', '2024-07-02 05:11:45', '2025-07-02 12:11:45'),
('cf5c1c57850400ddb15a038499683ac2fca1dd5bfad64ddbed8c57843c0953db00198050d7ce5f80', 1, 3, 'MyApp', '[]', 0, '2024-05-27 08:28:47', '2024-05-27 08:28:47', '2025-05-27 15:28:47'),
('d0affe7ed7f1f80c942fe705662c2c189884bfe7451eb2f69410f19a4ab5a5052495c1968a211828', 1, 3, 'MyApp', '[]', 0, '2024-06-06 06:34:34', '2024-06-06 06:34:34', '2025-06-06 13:34:34'),
('d3ec13b14ff9ddeaa08370366e9a39a56c33c9036e45ea608b2ef834538eb80f7cc6000acc9521cc', 4, 3, 'MyApp', '[]', 0, '2024-05-29 13:21:38', '2024-05-29 13:21:38', '2025-05-29 20:21:38'),
('d414cd830f2030af2aac6ebdaac91c1a0a56f994b9f343fc02a06df846f0feea4f507ba9e50b4455', 2, 3, 'MyApp', '[]', 0, '2024-05-29 15:03:36', '2024-05-29 15:03:36', '2025-05-29 22:03:36'),
('d58b884cb6fd58afd29c9f4f33ced4926e185d1bb43258e0e8c565ad53c8ca3f6bb7b86e3fd86e37', 11, 3, 'MyApp', '[]', 0, '2024-06-13 09:56:25', '2024-06-13 09:56:25', '2025-06-13 16:56:25'),
('d61df5774860c738a655ed3117777078437897ec491502e627fc1fdca7ed286a72747b660a15c248', 1, 3, 'MyApp', '[]', 0, '2024-06-06 12:01:05', '2024-06-06 12:01:05', '2025-06-06 19:01:05'),
('d7193ae0b6234d636eeb0a307f72d9236cdf17175330925b318bf1f496350d95030d145bfd1174f6', 1, 3, 'MyApp', '[]', 0, '2024-05-26 06:45:20', '2024-05-26 06:45:20', '2025-05-26 13:45:20'),
('d890a02747ecbc0a12ee812ee3375b7e689b6362aa0bbf8c2c6de62d27727888d0b79335d9b11f8b', 2, 3, 'MyApp', '[]', 0, '2024-05-29 13:21:56', '2024-05-29 13:21:56', '2025-05-29 20:21:56'),
('dd6c01106aebcb9fa5fcd6dbf5ca813ac14f2c40152fbd12993303a2d91bea376d5ffb30cfcd3bb5', 4, 3, 'MyApp', '[]', 0, '2024-07-02 05:10:58', '2024-07-02 05:10:58', '2025-07-02 12:10:58'),
('dd7e6a8f34b5020492d01ccbf3f264840afb82b315f202ef56855ef362ced3b6c5e5833b9c33606c', 2, 3, 'MyApp', '[]', 0, '2024-05-29 10:37:36', '2024-05-29 10:37:36', '2025-05-29 17:37:36'),
('dd84a6d5df3d6a8c97d2d3cf0553f14169df6cfdfe989cd0a8ca16c73d124ea757fc4cc565e03fdf', 1, 3, 'MyApp', '[]', 0, '2024-06-08 15:21:49', '2024-06-08 15:21:49', '2025-06-08 22:21:49'),
('ddff439748a1e768bd7210de9a0d5235fd0d60c25af56e9348ec1e679f28d49adec330b97713f46f', 1, 3, 'MyApp', '[]', 0, '2024-05-18 14:27:29', '2024-05-18 14:27:29', '2025-05-18 21:27:29'),
('de89541671ac965b11a42504d2e11b2859d09042f4e9f14de14c38058f5ca785738cfbb6ad9fd68a', 1, 3, 'MyApp', '[]', 0, '2024-05-30 09:23:36', '2024-05-30 09:23:36', '2025-05-30 16:23:36'),
('df3da2ee6ccb3b23294036e02953433960abcbbeeaab87aaf87e0db148a977525fbde66116bf6b71', 1, 3, 'MyApp', '[]', 0, '2025-01-08 17:02:00', '2025-01-08 17:02:00', '2026-01-09 00:02:00'),
('e0c2972ca912c646c511d283f6dcd5f5dded3f5047b865ce6912d813cdc3ed879898ccb373126022', 1, 3, 'MyApp', '[]', 0, '2024-05-23 08:54:25', '2024-05-23 08:54:25', '2025-05-23 15:54:25'),
('e2aa00e09ee1174af1a4e807e81df808b6bec0cadd01a0b4f731ea89db3775dcb19fb57f69b1f2ca', 1, 3, 'MyApp', '[]', 0, '2024-06-06 06:49:36', '2024-06-06 06:49:36', '2025-06-06 13:49:36'),
('e2f71a6f4ef66b7da7eb4b30c6a307d248e36ed70ba3247aee75905695fca63ad54aa47334f6ce97', 12, 3, 'MyApp', '[]', 0, '2024-06-13 10:02:42', '2024-06-13 10:02:42', '2025-06-13 17:02:42'),
('e34ae355f457726b08ce01a548eaf1ac72e6228b86104ad4fb5906801137a6b9a3a70f5a808408b3', 1, 3, 'MyApp', '[]', 0, '2024-06-06 12:33:18', '2024-06-06 12:33:18', '2025-06-06 19:33:18'),
('e5a53a9d8d2d80ef4d7b5d36589407a689f7227f3e810add588b21bead3b08d8df20657e88c163f3', 1, 3, 'MyApp', '[]', 0, '2024-05-19 15:06:43', '2024-05-19 15:06:43', '2025-05-19 22:06:43'),
('e8f5b81b48e4efc6df9b4cbc9d903674916f570ade68ad6debc1635c776f65e30851fb916cf89a85', 6, 3, 'MyApp', '[]', 0, '2024-06-15 10:04:18', '2024-06-15 10:04:18', '2025-06-15 17:04:18'),
('ea5ab8c33631c76ee95626f1c5836401a5f09a948d0c88fb1b7ea907aa8b23dffc582605cca68554', 2, 3, 'MyApp', '[]', 0, '2024-07-01 08:37:49', '2024-07-01 08:37:49', '2025-07-01 15:37:49'),
('eb763a7a61d8c01f00c8d7ac5a556a19fd0e580aad7ecdacfef60d76829283a3a1bb22420baa8b90', 3, 3, 'MyApp', '[]', 0, '2024-06-13 08:55:27', '2024-06-13 08:55:27', '2025-06-13 15:55:27'),
('ec2c76634584b0d1bc51cbf1f0b9341eee561a43ca3e9f66e4f0fe5a132cb81744b5aa934dc12ea6', 1, 3, 'MyApp', '[]', 0, '2024-06-11 10:05:29', '2024-06-11 10:05:29', '2025-06-11 17:05:29'),
('ed6245fb712ce35a4af9e94f9ddf261656f12fb6e258508f6ff4777ca0b32a806fb44911ac7f3087', 1, 3, 'MyApp', '[]', 0, '2024-07-02 05:08:59', '2024-07-02 05:08:59', '2025-07-02 12:08:59'),
('ee1648b291c86a9e71a45d16ada8b1f4eeb25e502e341298ace9ce95291fef7aee1e47b0a5b345ea', 1, 3, 'MyApp', '[]', 0, '2024-06-13 09:37:16', '2024-06-13 09:37:16', '2025-06-13 16:37:16'),
('ef48f931d815555d5212dc0287bfa2aa61ac54670e11ff8614ba95e67cd942c6385feef5b9424705', 1, 3, 'MyApp', '[]', 0, '2024-06-07 01:02:57', '2024-06-07 01:02:57', '2025-06-07 08:02:57'),
('f4d8e89a624570b5bb5884a98b94740e63add0e74c1b193dd370bbfb03c1830957882a58c7d8fb7a', 1, 3, 'MyApp', '[]', 0, '2024-06-25 06:27:39', '2024-06-25 06:27:39', '2025-06-25 13:27:39'),
('f54438cf829e924bc24ff3061ee527a9c1904544d4f395fc4f2411d15f5a7263eef230bb5624e331', 2, 3, 'MyApp', '[]', 0, '2024-06-06 08:14:42', '2024-06-06 08:14:42', '2025-06-06 15:14:42'),
('f755597eebf49dfe7d189a0662ed279d27babc746ef6453f349b75edc4f1f9b275d1f155237bb01d', 1, 3, 'MyApp', '[]', 0, '2024-06-11 09:32:48', '2024-06-11 09:32:48', '2025-06-11 16:32:48'),
('f90de7d97f42d5eb0f1e171617f59c09b610bd038ae65fe10c49cb2e6e76036d3b8c7b657aba7399', 1, 3, 'MyApp', '[]', 0, '2024-06-11 09:35:53', '2024-06-11 09:35:53', '2025-06-11 16:35:53'),
('f92fc63cf0c24b993c68affeaa4caf2974e2af5cf2b3dfe6c845309f0d43ef8a88bb11c805d75cfe', 1, 3, 'MyApp', '[]', 0, '2024-06-13 09:53:34', '2024-06-13 09:53:34', '2025-06-13 16:53:34'),
('fb055abb52a02ef1cfdf8570458f094736382ad76bf9e263f16e78515d4b28a2dbf170f997ea150f', 1, 3, 'MyApp', '[]', 0, '2024-07-02 05:29:55', '2024-07-02 05:29:55', '2025-07-02 12:29:55'),
('fdacfed12c2b6000282d52679fe14313eb4b5cb104992e1f6ff9e30a74de2e582415835a4c50bc26', 1, 3, 'MyApp', '[]', 0, '2024-06-15 08:01:33', '2024-06-15 08:01:33', '2025-06-15 15:01:33');

-- --------------------------------------------------------

--
-- Struktur dari tabel `oauth_auth_codes`
--

CREATE TABLE `oauth_auth_codes` (
  `id` varchar(100) NOT NULL,
  `user_id` bigint(20) UNSIGNED NOT NULL,
  `client_id` bigint(20) UNSIGNED NOT NULL,
  `scopes` text DEFAULT NULL,
  `revoked` tinyint(1) NOT NULL,
  `expires_at` datetime DEFAULT NULL
) ENGINE=InnoDB DEFAULT CHARSET=utf8mb4 COLLATE=utf8mb4_unicode_ci;

-- --------------------------------------------------------

--
-- Struktur dari tabel `oauth_clients`
--

CREATE TABLE `oauth_clients` (
  `id` bigint(20) UNSIGNED NOT NULL,
  `user_id` bigint(20) UNSIGNED DEFAULT NULL,
  `name` varchar(255) NOT NULL,
  `secret` varchar(100) DEFAULT NULL,
  `provider` varchar(255) DEFAULT NULL,
  `redirect` text NOT NULL,
  `personal_access_client` tinyint(1) NOT NULL,
  `password_client` tinyint(1) NOT NULL,
  `revoked` tinyint(1) NOT NULL,
  `created_at` timestamp NULL DEFAULT NULL,
  `updated_at` timestamp NULL DEFAULT NULL
) ENGINE=InnoDB DEFAULT CHARSET=utf8mb4 COLLATE=utf8mb4_unicode_ci;

--
-- Dumping data untuk tabel `oauth_clients`
--

INSERT INTO `oauth_clients` (`id`, `user_id`, `name`, `secret`, `provider`, `redirect`, `personal_access_client`, `password_client`, `revoked`, `created_at`, `updated_at`) VALUES
(3, NULL, 'Proyek TA Personal Access Client', 'KMxRAJ1wvkkgRm042jI5CW4kOechuuSHlENz5OUr', NULL, 'http://localhost', 1, 0, 0, '2024-05-17 07:16:50', '2024-05-17 07:16:50'),
(4, NULL, 'Proyek TA Password Grant Client', 'h8iRcDEvv0oYDXIzdIFF6Z3xhA18sGv3N5YgQDps', 'users', 'http://localhost', 0, 1, 0, '2024-05-17 07:16:50', '2024-05-17 07:16:50');

-- --------------------------------------------------------

--
-- Struktur dari tabel `oauth_personal_access_clients`
--

CREATE TABLE `oauth_personal_access_clients` (
  `id` bigint(20) UNSIGNED NOT NULL,
  `client_id` bigint(20) UNSIGNED NOT NULL,
  `created_at` timestamp NULL DEFAULT NULL,
  `updated_at` timestamp NULL DEFAULT NULL
) ENGINE=InnoDB DEFAULT CHARSET=utf8mb4 COLLATE=utf8mb4_unicode_ci;

--
-- Dumping data untuk tabel `oauth_personal_access_clients`
--

INSERT INTO `oauth_personal_access_clients` (`id`, `client_id`, `created_at`, `updated_at`) VALUES
(2, 3, '2024-05-17 07:16:50', '2024-05-17 07:16:50');

-- --------------------------------------------------------

--
-- Struktur dari tabel `oauth_refresh_tokens`
--

CREATE TABLE `oauth_refresh_tokens` (
  `id` varchar(100) NOT NULL,
  `access_token_id` varchar(100) NOT NULL,
  `revoked` tinyint(1) NOT NULL,
  `expires_at` datetime DEFAULT NULL
) ENGINE=InnoDB DEFAULT CHARSET=utf8mb4 COLLATE=utf8mb4_unicode_ci;

-- --------------------------------------------------------

--
-- Struktur dari tabel `transaksis`
--

CREATE TABLE `transaksis` (
  `id` bigint(20) UNSIGNED NOT NULL,
  `transaksi_no` varchar(255) DEFAULT NULL,
  `mobil_id` int(11) DEFAULT NULL,
  `mobil_name` varchar(255) DEFAULT NULL,
  `mobil_merek` varchar(255) DEFAULT NULL,
  `mobil_type` varchar(255) DEFAULT NULL,
  `mobil_warna` varchar(255) DEFAULT NULL,
  `mobil_noplat` varchar(50) DEFAULT NULL,
  `jenis_sewa` tinyint(1) DEFAULT NULL,
  `lama_sewa` varchar(50) DEFAULT NULL,
  `mobil_biaya` varchar(255) DEFAULT NULL,
  `total_biaya` varchar(255) DEFAULT NULL,
  `customer_id` int(11) DEFAULT NULL,
  `customer_name` varchar(255) DEFAULT NULL,
  `customer_phone` varchar(255) DEFAULT NULL,
  `customer_email` varchar(255) DEFAULT NULL,
  `customer_address` varchar(255) DEFAULT NULL,
  `customer_ktp` varchar(255) DEFAULT NULL,
  `customer_kecamatan` varchar(255) DEFAULT NULL,
  `customer_kelurahan` varchar(255) DEFAULT NULL,
  `customer_kodepos` varchar(255) DEFAULT NULL,
  `created_by` int(11) NOT NULL,
  `is_active` tinyint(1) NOT NULL,
  `created_at` timestamp NULL DEFAULT NULL,
  `updated_at` timestamp NULL DEFAULT NULL,
  `admin_staff_id` int(11) DEFAULT 0,
  `booking_date` date DEFAULT NULL,
  `booking_end` date DEFAULT NULL,
  `booking_destination` varchar(225) DEFAULT NULL,
  `guarantee` tinyint(1) DEFAULT NULL,
  `payment_jenis` tinyint(1) DEFAULT 0,
  `payment_status` tinyint(1) NOT NULL DEFAULT 0,
  `payment_mode` varchar(255) DEFAULT NULL,
  `invoice_no` varchar(255) DEFAULT NULL,
  `invoice_date` date DEFAULT NULL,
  `invoice_due` date DEFAULT NULL,
  `bukti_path` varchar(255) DEFAULT NULL,
  `bukti_path2` varchar(255) DEFAULT NULL
) ENGINE=InnoDB DEFAULT CHARSET=utf8mb4 COLLATE=utf8mb4_unicode_ci;

--
-- Dumping data untuk tabel `transaksis`
--

INSERT INTO `transaksis` (`id`, `transaksi_no`, `mobil_id`, `mobil_name`, `mobil_merek`, `mobil_type`, `mobil_warna`, `mobil_noplat`, `jenis_sewa`, `lama_sewa`, `mobil_biaya`, `total_biaya`, `customer_id`, `customer_name`, `customer_phone`, `customer_email`, `customer_address`, `customer_ktp`, `customer_kecamatan`, `customer_kelurahan`, `customer_kodepos`, `created_by`, `is_active`, `created_at`, `updated_at`, `admin_staff_id`, `booking_date`, `booking_end`, `booking_destination`, `guarantee`, `payment_jenis`, `payment_status`, `payment_mode`, `invoice_no`, `invoice_date`, `invoice_due`, `bukti_path`, `bukti_path2`) VALUES
(1, 'NO-000001', 1, 'Honda', 'Honda', '1', 'Merah', 'BP 0001 A', 2, '4', NULL, '8000.00', 2, 'Agyl Laks', '123', 'agyl@gmail.com', 'Marina', '217111213123123', '2', '10', '12345', 1, 1, '2024-07-01 06:37:39', '2024-07-01 08:02:21', 0, '2024-06-29', '2024-07-27', 'Wisata', 1, 1, 1, '2', 'INV-00001', '2024-06-29', '2024-06-29', 'documents/bukti/bukti_1719817284.jpg', NULL),
(2, 'NO-000002', 4, 'RUSH', 'RUSH', '1', 'Hitam', 'BP 0001 D', 1, '2', NULL, '2000.00', 4, 'harun tes', '085605942526', 'haruntes123@gmail.com', 'Dapur 12', '217111', '10', '47', '29439', 4, 1, '2024-07-02 05:13:35', '2024-07-02 05:15:07', 0, '2024-07-02', '2024-07-04', 'Wisata', 1, 2, 3, '2', 'INV-00002', '2024-07-02', '2024-07-03', 'documents/bukti/bukti_1719893649.jpg', NULL);

-- --------------------------------------------------------

--
-- Struktur dari tabel `users`
--

CREATE TABLE `users` (
  `id` bigint(20) UNSIGNED NOT NULL,
  `name` varchar(255) DEFAULT '',
  `unique_id` varchar(255) DEFAULT '',
  `email` varchar(150) NOT NULL,
  `email_verified_at` timestamp NULL DEFAULT NULL,
  `password` varchar(255) NOT NULL,
  `created_at` timestamp NULL DEFAULT NULL,
  `updated_at` timestamp NULL DEFAULT NULL,
  `first_name` varchar(255) DEFAULT '',
  `last_name` varchar(255) DEFAULT '',
  `phone` varchar(255) DEFAULT NULL,
  `identity_type` varchar(255) DEFAULT NULL,
  `address` varchar(255) DEFAULT NULL,
  `city` varchar(255) DEFAULT NULL,
  `kecamatan` int(11) DEFAULT NULL,
  `kelurahan` int(11) DEFAULT NULL,
  `postal_code` varchar(255) DEFAULT '',
  `role` int(11) DEFAULT 0,
  `is_verified` tinyint(4) NOT NULL DEFAULT 0,
  `is_active` tinyint(4) NOT NULL DEFAULT 0,
  `kwc_required` tinyint(4) NOT NULL DEFAULT 0,
  `profile_path` varchar(500) DEFAULT NULL,
  `verif_path` varchar(255) DEFAULT NULL
) ENGINE=InnoDB DEFAULT CHARSET=utf8mb4 COLLATE=utf8mb4_unicode_ci;

--
-- Dumping data untuk tabel `users`
--

INSERT INTO `users` (`id`, `name`, `unique_id`, `email`, `email_verified_at`, `password`, `created_at`, `updated_at`, `first_name`, `last_name`, `phone`, `identity_type`, `address`, `city`, `kecamatan`, `kelurahan`, `postal_code`, `role`, `is_verified`, `is_active`, `kwc_required`, `profile_path`, `verif_path`) VALUES
(1, 'ADMIN', '', 'admin@gmail.com', NULL, '$2y$10$4q7tb8tgP0yH1hyi5HCkheqkeNbl66o0vNJZm8rXjlxwrxp.AcMia', '2024-05-17 08:16:24', '2024-06-10 16:38:35', 'ADMIN', 'admin', '123', 'KTP', 'sagulung', NULL, 1, 1, '12345', 1, 1, 1, 2, 'documents/profile/profile_1716111216.jpg', 'documents/kwc/verif_1716975120.png'),
(2, 'Agyl Laks', 'BTA000002', 'agyl@gmail.com', NULL, '$2y$10$4q7tb8tgP0yH1hyi5HCkheqkeNbl66o0vNJZm8rXjlxwrxp.AcMia', '2024-05-23 05:58:53', '2024-07-01 07:07:48', 'Agyl', 'Laks', '123', 'KTP', 'Marina', NULL, 2, 10, '12345', 6, 0, 1, 1, 'documents/profile/profile_1716988651.jpg', 'documents/kwc/verif_1718266888.jpg'),
(3, 'Iwan Chan', 'BTK000004', 'iwan@gmail.com', NULL, '$2y$10$4q7tb8tgP0yH1hyi5HCkheqkeNbl66o0vNJZm8rXjlxwrxp.AcMia', '2024-05-27 08:37:59', '2024-06-06 07:05:02', 'Iwan', 'Chan', '123', 'KTP', 'tes', NULL, 1, 2, '12345', 6, 0, 1, 0, 'documents/profile/profile_1716975306.jpg', 'documents/kwc/verif_1716975287.png'),
(4, 'harun tes', 'SGL000004', 'haruntes123@gmail.com', NULL, '$2y$10$YZdCsQYbiUcoplcVherhme7E5ETl6eQHOAN9/audM/Z813WWosGXS', '2024-07-02 05:07:28', '2024-07-02 05:10:10', 'harun', 'tes', '085605942526', 'KTP', 'Dapur 12', NULL, 10, 47, '29439', 6, 0, 1, 1, NULL, 'documents/kwc/verif_1719893321.jpg');

--
-- Indexes for dumped tables
--

--
-- Indeks untuk tabel `ac_login_activities`
--
ALTER TABLE `ac_login_activities`
  ADD PRIMARY KEY (`id`);

--
-- Indeks untuk tabel `kecamatans`
--
ALTER TABLE `kecamatans`
  ADD PRIMARY KEY (`id`);

--
-- Indeks untuk tabel `kelurahans`
--
ALTER TABLE `kelurahans`
  ADD PRIMARY KEY (`id`),
  ADD KEY `country_region` (`kecamatan_id`);

--
-- Indeks untuk tabel `kwitansis`
--
ALTER TABLE `kwitansis`
  ADD PRIMARY KEY (`receipt_id`);

--
-- Indeks untuk tabel `menu`
--
ALTER TABLE `menu`
  ADD PRIMARY KEY (`id`);

--
-- Indeks untuk tabel `mobils`
--
ALTER TABLE `mobils`
  ADD PRIMARY KEY (`id`);

--
-- Indeks untuk tabel `mobiltypes`
--
ALTER TABLE `mobiltypes`
  ADD PRIMARY KEY (`id`);

--
-- Indeks untuk tabel `oauth_access_tokens`
--
ALTER TABLE `oauth_access_tokens`
  ADD PRIMARY KEY (`id`),
  ADD KEY `oauth_access_tokens_user_id_index` (`user_id`);

--
-- Indeks untuk tabel `oauth_auth_codes`
--
ALTER TABLE `oauth_auth_codes`
  ADD PRIMARY KEY (`id`),
  ADD KEY `oauth_auth_codes_user_id_index` (`user_id`);

--
-- Indeks untuk tabel `oauth_clients`
--
ALTER TABLE `oauth_clients`
  ADD PRIMARY KEY (`id`),
  ADD KEY `oauth_clients_user_id_index` (`user_id`);

--
-- Indeks untuk tabel `oauth_personal_access_clients`
--
ALTER TABLE `oauth_personal_access_clients`
  ADD PRIMARY KEY (`id`);

--
-- Indeks untuk tabel `oauth_refresh_tokens`
--
ALTER TABLE `oauth_refresh_tokens`
  ADD PRIMARY KEY (`id`),
  ADD KEY `oauth_refresh_tokens_access_token_id_index` (`access_token_id`);

--
-- Indeks untuk tabel `transaksis`
--
ALTER TABLE `transaksis`
  ADD PRIMARY KEY (`id`);

--
-- Indeks untuk tabel `users`
--
ALTER TABLE `users`
  ADD PRIMARY KEY (`id`),
  ADD UNIQUE KEY `users_email_unique` (`email`);

--
-- AUTO_INCREMENT untuk tabel yang dibuang
--

--
-- AUTO_INCREMENT untuk tabel `ac_login_activities`
--
ALTER TABLE `ac_login_activities`
  MODIFY `id` bigint(20) UNSIGNED NOT NULL AUTO_INCREMENT, AUTO_INCREMENT=3241;

--
-- AUTO_INCREMENT untuk tabel `kecamatans`
--
ALTER TABLE `kecamatans`
  MODIFY `id` mediumint(8) UNSIGNED NOT NULL AUTO_INCREMENT, AUTO_INCREMENT=13;

--
-- AUTO_INCREMENT untuk tabel `kelurahans`
--
ALTER TABLE `kelurahans`
  MODIFY `id` mediumint(8) UNSIGNED NOT NULL AUTO_INCREMENT, AUTO_INCREMENT=60;

--
-- AUTO_INCREMENT untuk tabel `kwitansis`
--
ALTER TABLE `kwitansis`
  MODIFY `receipt_id` bigint(20) NOT NULL AUTO_INCREMENT, AUTO_INCREMENT=3;

--
-- AUTO_INCREMENT untuk tabel `menu`
--
ALTER TABLE `menu`
  MODIFY `id` int(11) NOT NULL AUTO_INCREMENT, AUTO_INCREMENT=679;

--
-- AUTO_INCREMENT untuk tabel `mobils`
--
ALTER TABLE `mobils`
  MODIFY `id` bigint(20) UNSIGNED NOT NULL AUTO_INCREMENT, AUTO_INCREMENT=6;

--
-- AUTO_INCREMENT untuk tabel `mobiltypes`
--
ALTER TABLE `mobiltypes`
  MODIFY `id` mediumint(8) UNSIGNED NOT NULL AUTO_INCREMENT, AUTO_INCREMENT=11;

--
-- AUTO_INCREMENT untuk tabel `oauth_clients`
--
ALTER TABLE `oauth_clients`
  MODIFY `id` bigint(20) UNSIGNED NOT NULL AUTO_INCREMENT, AUTO_INCREMENT=5;

--
-- AUTO_INCREMENT untuk tabel `oauth_personal_access_clients`
--
ALTER TABLE `oauth_personal_access_clients`
  MODIFY `id` bigint(20) UNSIGNED NOT NULL AUTO_INCREMENT, AUTO_INCREMENT=3;

--
-- AUTO_INCREMENT untuk tabel `transaksis`
--
ALTER TABLE `transaksis`
  MODIFY `id` bigint(20) UNSIGNED NOT NULL AUTO_INCREMENT, AUTO_INCREMENT=3;

--
-- AUTO_INCREMENT untuk tabel `users`
--
ALTER TABLE `users`
  MODIFY `id` bigint(20) UNSIGNED NOT NULL AUTO_INCREMENT, AUTO_INCREMENT=5;
COMMIT;

/*!40101 SET CHARACTER_SET_CLIENT=@OLD_CHARACTER_SET_CLIENT */;
/*!40101 SET CHARACTER_SET_RESULTS=@OLD_CHARACTER_SET_RESULTS */;
/*!40101 SET COLLATION_CONNECTION=@OLD_COLLATION_CONNECTION */;
